<?xml version="1.0" encoding="UTF-8"?>
<project-private xmlns="http://www.netbeans.org/ns/project-private/1">
    <editor-bookmarks xmlns="http://www.netbeans.org/ns/editor-bookmarks/2" lastBookmarkId="0"/>
    <open-files xmlns="http://www.netbeans.org/ns/projectui-open-files/2">
        <group name="EXHIBERNATE">
            <file>file:/C:/Users/usuario/Documents/NetBeansProjects/ALUFOTOGRAFIAHB25/manifest.mf</file>
            <file>file:/C:/Users/usuario/Documents/NetBeansProjects/ALUFOTOGRAFIAHB25/build.xml</file>
            <file>file:/C:/Users/usuario/Documents/NetBeansProjects/ALUFOTOGRAFIAHB25/src/fotografiahb25/Fotografiahb25.java</file>
        </group>
    </open-files>
</project-private>
