<?xml version="1.0" encoding="UTF-8"?>
<project-private xmlns="http://www.netbeans.org/ns/project-private/1">
    <editor-bookmarks xmlns="http://www.netbeans.org/ns/editor-bookmarks/2" lastBookmarkId="0"/>
    <open-files xmlns="http://www.netbeans.org/ns/projectui-open-files/2">
        <group>
            <file>file:/E:/clase2/repositorio/dam2_repositorio/DINT/carpetaCompartida/EscenarioComplexo/src/escenariocomplexo/IFrmXestionPerruqueria.java</file>
            <file>file:/E:/clase2/repositorio/dam2_repositorio/DINT/carpetaCompartida/EscenarioComplexo/src/escenariocomplexo/IFrmaltasPropietarios.java</file>
            <file>file:/E:/clase2/repositorio/dam2_repositorio/DINT/carpetaCompartida/EscenarioComplexo/src/escenariocomplexo/FrmPrincipal.java</file>
        </group>
    </open-files>
</project-private>
