<odoo noupdate="1">
    <record id="module_category_cars" model="ir.module.category">
        <field name="name">cars Management</field>
        <field name="sequence">31</field>
    </record>

    <record id="group_cars_manager" model="res.groups">
        <field name="name">cars Manager</field>
        <field name="category_id" ref="module_category_cars"/>
        <field name="users" eval="[(4, ref('base.user_root')),(4, ref('base.user_admin'))]"/>
    </record>

    <record id="group_cars_user" model="res.groups">
        <field name="name">cars User</field>
        <field name="category_id" ref="module_category_cars"/>
    </record>

</odoo>