<?xml version="1.0"?>
<!DOCTYPE hibernate-mapping PUBLIC "-//Hibernate/Hibernate Mapping DTD 3.0//EN"
"http://www.hibernate.org/dtd/hibernate-mapping-3.0.dtd">

<hibernate-mapping>
    <class name="POJOS.Departamento" table="DEPARTAMENTO" schema="dbo" catalog="EMPRESAHB2_25">
        <id name="numDepartamento" type="int">
            <column name="NumDepartamento" />
            <generator class="increment" />
        </id>
        <property name="nomeDepartamento" type="string">
            <column name="NomeDepartamento" length="25" not-null="true" />
        </property>
      
    </class>
</hibernate-mapping>
