<?xml version="1.0" encoding="UTF-8"?>
<!DOCTYPE hibernate-configuration PUBLIC "-//Hibernate/Hibernate Configuration DTD 3.0//EN" "http://hibernate.sourceforge.net/hibernate-configuration-3.0.dtd">
<hibernate-configuration>
  <session-factory>
    <property name="hibernate.connection.driver_class">com.microsoft.sqlserver.jdbc.SQLServerDriver</property>
    <property name="hibernate.connection.url">jdbc:sqlserver://LOCALHOST;databaseName=FOTOGRAFIAHB25</property>
    <property name="hibernate.connection.username">sa</property>
    <property name="hibernate.connection.password">abc123.</property>
     <mapping resource="mapeo/Fotografia.hbm.xml"/>
     <mapping resource="mapeo/Fotografo.hbm.xml"/>
    <mapping resource="mapeo/Evento.hbm.xml"/>
    <mapping resource="mapeo/Licencia.hbm.xml"/>
  </session-factory>
</hibernate-configuration>
