<?xml version="1.0" encoding="UTF-8"?>
<project-private xmlns="http://www.netbeans.org/ns/project-private/1">
    <editor-bookmarks xmlns="http://www.netbeans.org/ns/editor-bookmarks/2" lastBookmarkId="0"/>
    <open-files xmlns="http://www.netbeans.org/ns/projectui-open-files/2">
        <group>
            <file>file:/C:/Users/Ventin/Documents/NetBeansProjects/EscenarioComplexo_A_Entregar_v22/EscenarioComplexo/src/utilidades/JTextFieldHintUI.java</file>
            <file>file:/C:/Users/Ventin/Documents/NetBeansProjects/EscenarioComplexo_A_Entregar_v22/EscenarioComplexo/src/bd/ConsultasSQL.java</file>
            <file>file:/C:/Users/Ventin/Documents/NetBeansProjects/EscenarioComplexo_A_Entregar_v22/EscenarioComplexo/src/presentacion/IFrameListadoPropietarios.java</file>
            <file>file:/C:/Users/Ventin/Documents/NetBeansProjects/EscenarioComplexo_A_Entregar_v22/EscenarioComplexo/src/presentacion/FrmPrincipal.java</file>
            <file>file:/C:/Users/Ventin/Documents/NetBeansProjects/EscenarioComplexo_A_Entregar_v22/EscenarioComplexo/src/presentacion/XestorDeXanelas.java</file>
            <file>file:/C:/Users/Ventin/Documents/NetBeansProjects/EscenarioComplexo_A_Entregar_v22/EscenarioComplexo/src/presentacion/IFrmDatosPropietario.java</file>
            <file>file:/C:/Users/Ventin/Documents/NetBeansProjects/EscenarioComplexo_A_Entregar_v22/EscenarioComplexo/src/presentacion/DlgValidacionUsuario.java</file>
        </group>
    </open-files>
</project-private>
