<?xml version="1.0"?>
<!--David Sanchez peso 77465294Y-->
<!DOCTYPE hibernate-mapping PUBLIC "-//Hibernate/Hibernate Mapping DTD 3.0//EN"
        "http://www.hibernate.org/dtd/hibernate-mapping-3.0.dtd">

<hibernate-mapping>
    <class name="pojos.Fotografo" table="Fotografo" schema="dbo" catalog="FOTOGRAFIAHB25" optimistic-lock="version">
        <id name="idFotografo" type="int">
            <column name="IdFotografo"/>
            <generator class="assigned"/>
        </id>
        <property name="nombre" type="string">
            <column name="Nombre" length="100" not-null="true"/>
        </property>
        <property name="apellidos" type="string">
            <column name="Apellidos" length="100" not-null="true"/>
        </property>
        <property name="seudonimo" type="string">
            <column name="Seudonimo" length="50" not-null="true" unique="true"/>
        </property>

        <!--Mapo de la reflexiva de influencers-->
          <many-to-one name="influencer" class="pojos.Fotografo">
            <column name="IdInfluencer" not-null="true"/>
        </many-to-one>

        <set name="influenciados"  table="Fotografo" inverse="true" lazy="true" fetch="select">
            <key>
                <column name="IdInfluencer"/>
            </key>
               <one-to-many class="pojos.Fotografo"/>
        </set>

        <!--Mapeo del mapa de idiomas-->
        <map name="idiomas" table="Idioma">
            <key>
                <column length="15" name="IdFotografo" not-null="true"/>
            </key>
            <map-key column="Idioma" type="string"/>
            <element column="Nivel" type="string"/>
        </map>

        <!--mapeo de one to one con licencia-->
        <one-to-one name="licencia" class="pojos.Licencia" cascade="all" fetch="select"/>


        <!--Mapeo de contacto-->
        <component class="pojos.Contacto" name="contacto">
            <property name="direccion" type="string">
                <column length="150" name="Direccion"/>
            </property>
            <property name="email" type="string">
                <column name="Email" length="150"/>
            </property>
            <property name="telefonoFijo" type="string">
                <column length="20" name="TelefonoFijo"/>
            </property>
            <property name="telefonoMovil" type="string">
                <column length="20" name="TelefonoMovil"/>
            </property>
        </component>


        <!-- bag de las fotografias de un fotografo ej1 aparatado a)-->
        <bag name="fotografias" table="Fotografia" inverse="true" lazy="true" fetch="select">
            <key>
                <column name="IdFotografo" not-null="true"/>
            </key>
            <one-to-many class="pojos.Fotografia"/>
        </bag>

        <!-- lista de materiales-->
        <list name="materiales" table="Material">
            <key>
                <column name="IdFotografo" not-null="true"/>
            </key>
            <list-index base="1" column="Numero"/>
            <composite-element class="pojos.Material">
                <property name="numeroSerie" type="java.lang.String" unique="true">
                    <column name="NumeroSerie" not-null="true" length="50"/>
                </property>
                <property name="material" type="java.lang.String">
                    <column name="Material" not-null="true" length="50"/>
                </property>
                <property name="marca" type="java.lang.String">
                    <column name="Marca" not-null="true" length="50"/>
                </property>
                <property name="modelo" type="java.lang.String">
                    <column name="Modelo" not-null="true" length="50"/>
                </property>

            </composite-element>
        </list>

        <!--Mapear la many to many con eventos-->
        <set name="eventos" table="FotografoEvento" inverse="true" lazy="true" fetch="select">
            <key>
                <column name="IdFotografo"/>
            </key>
            <many-to-many entity-name="pojos.Evento">
                <column name="IdEvento" not-null="true"/>
            </many-to-many>
        </set>

    </class>
</hibernate-mapping>
